<!DOCTYPE hibernate-configuration PUBLIC
        "-//Hibernate/Hibernate Configuration DTD 3.0//EN"
        "http://www.hibernate.org/dtd/hibernate-configuration-3.0.dtd">

<hibernate-configuration>

    <session-factory>

        <property name="connection.driver_class">com.mysql.cj.jdbc.Driver</property>
        <property name="dialect">org.hibernate.dialect.MySQLDialect</property>
        <property name="show_sql">false</property>
		<property name="current_session_context_class">thread</property>
        <property name="hibernate.hbm2ddl.auto">validate</property>

        <property name="hibernate.c3p0.min_size">20</property>
        <property name="hibernate.c3p0.max_size">100</property>
        <property name="hibernate.c3p0.timeout">300</property>
        <property name="hibernate.c3p0.max_statements">0</property>
        <property name="hibernate.c3p0.idle_test_period">3000</property>

    </session-factory>

</hibernate-configuration>