<?xml version="1.0" encoding="UTF-8"?>
<Configuration status="WARN">
    <Properties>
        <Property name="logPath">logs</Property>
        <Property name="rollingFileName">alice</Property>
        <Property name="rollingFileDebugName">alice-debug</Property>
    </Properties>
    <Appenders>
        <Console name="console" target="SYSTEM_OUT">
            <PatternLayout pattern="[%highlight{%-5level}] %d{DEFAULT} %c{1}.%M() - %msg%n%throwable{short.lineNumber}" />
        </Console>
        <RollingFile name="rollingFile" fileName="${logPath}/${rollingFileName}.log" filePattern="${logPath}/${rollingFileName}_%d{yyyy-MM-dd}.log">
            <PatternLayout pattern="[%highlight{%-5level}] %d{DEFAULT} %c{1}.%M() - %msg%n%throwable{short.lineNumber}" />
            <Policies>
                <!-- Causes a rollover if the log file is older than the current JVM's start time -->
                <OnStartupTriggeringPolicy />
                <!-- Causes a rollover once the date/time pattern no longer applies to the active file -->
                <TimeBasedTriggeringPolicy interval="1" modulate="true" />
            </Policies>
        </RollingFile>
        <RollingFile name="rollingFileDebug" fileName="${logPath}/${rollingFileDebugName}.log" filePattern="${logPath}/${rollingFileDebugName}_%d{yyyy-MM-dd}.log">
            <PatternLayout pattern="[%highlight{%-5level}] %d{DEFAULT} %c{1}.%M() - %msg%n%throwable{short.lineNumber}" />
            <Policies>
                <!-- Causes a rollover if the log file is older than the current JVM's start time -->
                <OnStartupTriggeringPolicy />
                <!-- Causes a rollover once the date/time pattern no longer applies to the active file -->
                <TimeBasedTriggeringPolicy interval="1" modulate="true" />
            </Policies>
        </RollingFile>
    </Appenders>
    <Loggers>
        <Root level="info">
            <AppenderRef ref="rollingFile" level="info" addivity="true"/>
            <AppenderRef ref="console" level="info" addivity="true"/>
        </Root>

    </Loggers>
</Configuration>